{"Distances":{"www.ecobank.com":8092072.1808391325,"esunbank.com":18056417.9017912522,"cam.ac.uk":8166895.8786139842,"sun.ac.za":17731489.9132971391,"berkeley.edu":1527000,"cern.ch":10159030.110721929,"sydney.edu.au":17594488.4754161239,"ufl.edu":4786593.9339198023},"Cities":{"www.ecobank.com":3,"esunbank.com":4,"cam.ac.uk":3,"sun.ac.za":3,"berkeley.edu":5,"cern.ch":4,"sydney.edu.au":5,"ufl.edu":4},"Hops":{"www.ecobank.com":21,"esunbank.com":18,"cam.ac.uk":29,"sun.ac.za":23,"berkeley.edu":14,"cern.ch":25,"sydney.edu.au":17,"ufl.edu":18},"Times":{"www.ecobank.com":0.138391,"esunbank.com":0.199705,"cam.ac.uk":0.151516,"sun.ac.za":0.236213,"berkeley.edu":0.017486,"cern.ch":0.155244,"sydney.edu.au":0.169283,"ufl.edu":0.071181},"Times Std. Dev":{"www.ecobank.com":0.000108,"esunbank.com":0.000035,"cam.ac.uk":0.000041,"sun.ac.za":0.000243,"berkeley.edu":0.000031,"cern.ch":0.000035,"sydney.edu.au":0.000028,"ufl.edu":0.00014}}
